Selected_Player,Predicted_Score
4ae1755b,127.33845
3d284ca3,108.34999
894b2d25,100.393875
b681e71e,97.996445
3d8feaf8,94.81398
30a45b23,77.369156
03806cf8,67.84187
3fb19989,41.695263
c834c290,39.041286
1a2676c5,35.798508
cad40f5e,34.44273
